City,Lat,Lng,Max Temp,Humidity,Cloudiness,Wind Speed,Country,Date
nanortalik,60.1432,-45.2371,35.87,94,100,17.78,GL,1639882167
muros,42.7762,-9.0603,51.24,92,19,6.02,ES,1639882167
mataura,-46.1927,168.8643,74.68,44,91,12.48,NZ,1639882168
alugan,12.2188,125.4808,81.88,85,100,9.26,PH,1639882168
tamandare,-8.7597,-35.1047,77.85,79,70,8.28,BR,1639882168
rikitea,-23.1203,-134.9692,77.22,77,100,13.44,PF,1639882168
albany,42.6001,-73.9662,37.58,93,100,2.28,US,1639882169
zhigansk,66.7697,123.3711,-45.36,99,83,6.08,RU,1639882169
puerto ayora,-0.7393,-90.3518,69.55,96,92,1.99,EC,1639882160
pevek,69.7008,170.3133,-15.45,92,100,2.01,RU,1639882170
dikson,73.5069,80.5464,-25.33,95,73,6.2,RU,1639882170
innisfail,-17.5333,146.0333,88.88,66,30,9.64,AU,1639881917
georgetown,5.4112,100.3354,77.95,88,40,1.01,MY,1639882089
luderitz,-26.6481,15.1594,59.13,83,49,6.4,NA,1639882171
saldanha,-33.0117,17.9442,59.05,95,27,9.4,ZA,1639882171
tarauaca,-8.1614,-70.7656,73.54,99,83,2.17,BR,1639882171
provideniya,64.3833,-173.3,3.6,97,100,19.1,RU,1639882172
cidreira,-30.1811,-50.2056,70.34,73,86,19.44,BR,1639882172
faanui,-16.4833,-151.75,80.02,74,78,12.53,PF,1639882172
vaini,-21.2,-175.2,87.96,84,20,13.8,TO,1639882172
nantucket,41.2835,-70.0995,45.14,91,100,16.08,US,1639881894
hailey,43.5196,-114.3153,22.89,74,89,5.01,US,1639882173
san patricio,28.017,-97.5169,59.09,69,42,17.81,US,1639882173
malindi,-3.2175,40.1191,78.96,83,75,2.3,KE,1639882174
codrington,-38.2667,141.9667,57.43,74,80,23.24,AU,1639882174
acapulco,16.8634,-99.8901,77.92,76,70,5.95,MX,1639882174
tabuk,17.4189,121.4443,71.4,95,100,9.82,PH,1639882174
ulagan,50.6321,87.9563,13.06,83,100,1.74,RU,1639882175
komsomolskiy,40.4272,71.7189,27.32,59,91,2.3,UZ,1639882175
talakan,50.3167,130.3667,-3.24,88,100,4.72,RU,1639882175
yellowknife,62.456,-114.3525,-19.68,76,75,4.61,CA,1639882139
nikolskoye,59.7035,30.7861,35.02,96,100,10.27,RU,1639882176
chuy,-33.6971,-53.4616,62.98,83,0,8.75,UY,1639882176
port elizabeth,-33.918,25.5701,61.09,88,0,10.36,ZA,1639882176
konstantinovka,49.6167,127.9833,0.9,86,100,10.09,RU,1639882177
newport,51.5877,-2.9984,44.6,94,69,8.28,GB,1639882177
evensk,61.95,159.2333,-10.35,79,100,7.96,RU,1639882177
cherskiy,68.75,161.3,-23.69,95,100,2.01,RU,1639882178
balkanabat,39.5108,54.3671,48.31,88,2,3.13,TM,1639882178
kvarkeno,52.0833,59.725,20.77,97,96,6.98,RU,1639882178
jamestown,42.097,-79.2353,36.09,98,90,7,US,1639882178
te anau,-45.4167,167.7167,57.99,86,100,8.88,NZ,1639882179
kavieng,-2.5744,150.7967,82.26,78,100,14.12,PG,1639882179
bengkulu,-3.8004,102.2655,81.32,70,100,8.5,ID,1639882179
tasiilaq,65.6145,-37.6368,28.87,94,100,22.12,GL,1639882210
anloga,5.7947,0.8973,73.62,72,18,0.65,GH,1639882210
roald,62.5833,6.1333,42.17,70,90,13.8,NO,1639882210
tuktoyaktuk,69.4541,-133.0374,-13,77,90,8.05,CA,1639882211
port blair,11.6667,92.75,82.71,69,89,13.35,IN,1639882211
haslett,42.747,-84.4011,31.77,87,90,1.99,US,1639882211
hobart,-42.8794,147.3294,69.66,54,75,5.99,AU,1639882211
burnie,-41.0667,145.9167,57.45,90,100,18.84,AU,1639882212
armizonskoye,55.9461,67.6736,19.38,96,100,10.56,RU,1639882212
poum,-20.2333,164.0167,79.43,70,35,6.31,NC,1639882212
pisco,-13.7,-76.2167,66.25,82,0,13.8,PE,1639882213
vardo,70.3705,31.1107,29.7,78,100,25.17,NO,1639882213
pemangkat,1.1667,108.9667,81.93,77,99,2.19,ID,1639882213
barrow,71.2906,-156.7887,-3.98,71,90,10.36,US,1639882202
ushuaia,-54.8,-68.3,53.26,71,75,25.32,AR,1639882214
punta arenas,-53.15,-70.9167,55.51,62,40,27.63,CL,1639882193
boa vista,2.8197,-60.6733,80.58,78,40,4.61,BR,1639882214
meadow lake,34.8014,-106.5436,36.88,38,0,4.45,US,1639882215
xining,36.6167,101.7667,24.3,36,100,2.26,CN,1639882215
yar-sale,66.8333,70.8333,-28.64,98,27,6.69,RU,1639882215
nyurba,63.2842,118.3319,-48.84,100,100,0.58,RU,1639882216
castro,-24.7911,-50.0119,60.39,90,82,10.49,BR,1639882216
butaritari,3.0707,172.7902,82.15,80,72,15.68,KI,1639882216
mar del plata,-38.0023,-57.5575,70.09,93,0,1.99,AR,1639882217
clyde river,70.4692,-68.5914,5.23,85,100,14.97,CA,1639882217
morrope,-6.5417,-80.0111,69.8,75,100,13.58,PE,1639882217
bluff,-46.6,168.3333,66.58,66,43,12.21,NZ,1639882218
coquimbo,-29.9533,-71.3436,58.73,88,0,6.91,CL,1639882218
qaanaaq,77.484,-69.3632,8.42,72,100,6.6,GL,1639882218
hermanus,-34.4187,19.2345,62.8,89,15,5.68,ZA,1639882218
umm lajj,25.0213,37.2685,64.4,61,1,12.77,SA,1639882219
cabo san lucas,22.8909,-109.9124,71.15,76,4,2.28,MX,1639882137
baykit,61.67,96.37,-35.03,97,25,2.53,RU,1639882219
inuvik,68.3499,-133.7218,-3.14,77,90,2.3,CA,1639882219
bambanglipuro,-7.95,110.2833,85.73,70,99,3.96,ID,1639882220
keetmanshoop,-26.5833,18.1333,66.65,68,0,13.94,NA,1639882220
tuatapere,-46.1333,167.6833,70.65,56,18,11.9,NZ,1639882220
meulaboh,4.1363,96.1285,75.33,93,100,6.53,ID,1639882221
sao filipe,14.8961,-24.4956,73.08,74,100,5.84,CV,1639882221
havoysund,70.9963,24.6622,31.08,83,92,22.41,NO,1639882251
emba,48.8264,58.1442,30.24,98,100,9.26,KZ,1639882251
ambilobe,-13.2,49.05,76.78,88,10,0.87,MG,1639882252
hilo,19.7297,-155.09,78.53,40,75,5.75,US,1639882051
avarua,-21.2078,-159.775,82.45,65,40,6.91,CK,1639882252
abakaliki,6.3163,8.1169,72.82,33,62,4.94,NG,1639882252
namibe,-15.1961,12.1522,68.47,71,100,5.44,AO,1639882252
bradford,53.7939,-1.7521,38.23,98,47,1.32,GB,1639882253
ucluelet,48.9329,-125.5528,42.1,84,52,1.01,CA,1639882253
bredasdorp,-34.5322,20.0403,62.28,88,99,6.91,ZA,1639882253
busselton,-33.65,115.3333,74.05,49,0,9.35,AU,1639882254
kodiak,57.79,-152.4072,31.21,79,58,11.41,US,1639882254
rio grande,-32.035,-52.0986,67.95,71,0,18.61,BR,1639882254
kapaa,22.0752,-159.319,80.58,75,40,1.99,US,1639882255
new norfolk,-42.7826,147.0587,69.3,58,100,12.1,AU,1639882255
nhulunbuy,-12.2333,136.7667,93.81,52,40,13.8,AU,1639882255
ancud,-41.8697,-73.8203,54.93,96,1,5.7,CL,1639882255
narsaq,60.9167,-46.05,30.74,92,100,7.76,GL,1639882256
raudeberg,61.9875,5.1352,41.67,80,99,5.01,NO,1639882256
tari,12.4086,4.4914,65.12,19,4,14.32,NG,1639882256
verkhnevilyuysk,63.4453,120.3167,-45.9,100,100,0.92,RU,1639882257
machico,32.7,-16.7667,67.28,91,40,27.63,PT,1639882257
goderich,43.7501,-81.7165,31.91,86,100,8.05,CA,1639882257
vagay,57.9375,69.0217,11.7,94,100,8.95,RU,1639882257
the pas,53.8251,-101.2541,-3.98,77,90,13.8,CA,1639882258
saint-augustin,51.226,-58.6502,14.45,68,38,22.57,CA,1639882258
noumea,-22.2763,166.4572,84.18,99,63,18.66,NC,1639882013
atuona,-9.8,-139.0333,78.21,74,43,12.33,PF,1639882258
bambous virieux,-20.3428,57.7575,83.21,88,20,4.61,MU,1639882259
northam,51.0333,-4.2167,45.01,92,62,11.25,GB,1639882259
turtas,58.9417,69.1325,7.16,94,100,9.53,RU,1639882259
berdigestyakh,62.0989,126.6992,-34.1,99,93,2.95,RU,1639882260
general pico,-35.6566,-63.7568,73.74,50,0,8.28,AR,1639882260
beringovskiy,63.05,179.3167,32.68,98,100,11.61,RU,1639882260
suez,29.9737,32.5263,51.71,60,0,9.22,EG,1639882260
saint-philippe,-21.3585,55.7679,78.12,75,46,2.64,RE,1639882261
biak,-0.9131,122.8766,85.12,64,96,1.77,ID,1639882261
berea,41.3662,-81.8543,36.9,90,100,8.99,US,1639882177
chicama,-7.8447,-79.1469,63.14,82,89,5.75,PE,1639882261
lavrentiya,65.5833,-171,-0.65,96,100,10.31,RU,1639882261
leningradskiy,69.3833,178.4167,-16.35,97,100,11.03,RU,1639882262
ilulissat,69.2167,-51.1,37.44,52,55,19.44,GL,1639882262
upington,-28.4478,21.2561,64.78,72,0,6.91,ZA,1639882262
akyab,20.15,92.9,71.96,66,5,4.85,MM,1639882263
egvekinot,66.3167,-179.1667,0.73,96,100,12.66,RU,1639882263
udachnyy,66.4167,112.4,-38.54,100,95,5.59,RU,1639882087
hithadhoo,-0.6,73.0833,82.31,71,99,2.13,MV,1639882263
bodden town,19.2833,-81.25,78.93,87,20,3,KY,1639882264
iqaluit,63.7506,-68.5145,6.53,84,90,18.01,CA,1639882264
moindou,-21.6924,165.677,84.15,67,18,14.9,NC,1639882294
sistranda,63.7256,8.834,37.9,68,100,32.95,NO,1639882294
itarema,-2.9248,-39.9167,80.71,76,97,15.03,BR,1639882295
fortuna,40.5982,-124.1573,49.93,88,90,3,US,1639882295
lebu,-37.6167,-73.65,56.05,93,8,16.82,CL,1639882295
khatanga,71.9667,102.5,-19.37,95,100,4.65,RU,1639882296
carbonia,39.1672,8.5222,45.99,88,1,2.64,IT,1639882296
aklavik,68.2191,-135.0107,-3.17,99,99,5.08,CA,1639882296
tabou,4.423,-7.3528,79.75,83,89,5.79,CI,1639882296
laguna,38.421,-121.4238,46.63,92,40,4.61,US,1639882297
itinga,-16.6131,-41.7653,72.52,97,100,0.31,BR,1639882268
dukat,62.55,155.55,-32.28,99,99,5.61,RU,1639882297
arcachon,44.5875,-1.0519,32.32,100,90,0,FR,1639882297
dakar,14.6937,-17.4441,74.28,82,100,28.5,SN,1639882110
bondeno,44.8862,11.4108,34.75,94,5,3,IT,1639882298
pasighat,28.0667,95.3333,68.47,28,0,0.76,IN,1639882298
ribeira grande,38.5167,-28.7,60.58,76,100,30.27,PT,1639882298
viedma,-40.8135,-62.9967,71.91,54,18,8.81,AR,1639882298
luena,-11.7833,19.9167,60.6,98,100,2.59,AO,1639882299
samarai,-10.6167,150.6667,83.37,72,100,14.56,PG,1639882299
norwich,52.6278,1.2983,40.46,93,87,5.75,GB,1639882299
port alfred,-33.5906,26.891,64.29,78,70,20.54,ZA,1639882300
morondava,-20.2833,44.2833,80.37,76,35,2.53,MG,1639882300
mersing,2.4312,103.8405,76.91,94,40,0,MY,1639882300
flinders,-34.5833,150.8552,90.21,57,100,8.37,AU,1639882300
kaitangata,-46.2817,169.8464,76.77,42,57,12.68,NZ,1639882301
matay,28.419,30.7792,50.38,62,6,7.7,EG,1639882301
yulara,-25.2406,130.9889,100.24,12,8,11.5,AU,1639882301
norman wells,65.282,-126.8329,-2.16,71,75,4.61,CA,1639882301
samoded,63.6083,40.5111,9.54,96,100,6.64,RU,1639882302
tilichiki,60.4667,166.1,-2.58,95,99,7.38,RU,1639882302
alice springs,-23.7,133.8833,103.55,15,7,4.61,AU,1639882302
chokurdakh,70.6333,147.9167,-39.3,100,86,2.21,RU,1639882303
klaksvik,62.2266,-6.589,45.52,82,100,9.4,FO,1639882303
kruisfontein,-34.0033,24.7314,54.88,91,100,4.76,ZA,1639882303
alekseyevka,50.6309,38.6903,27.63,90,99,13.44,RU,1639882303
severo-kurilsk,50.6789,156.125,29.25,68,100,4.12,RU,1639882304
faya,18.3851,42.4509,51.91,67,21,2.57,SA,1639882304
asau,46.4333,26.4,33.96,97,95,6.62,RO,1639882304
sao jose da coroa grande,-8.8978,-35.1478,78.19,78,56,8.93,BR,1639882305
necochea,-38.5473,-58.7368,75.04,45,100,16.67,AR,1639882305
santiago de compostela,42.8805,-8.5457,45.91,61,0,6.91,ES,1639882305
trairi,-3.2778,-39.2689,81.16,74,99,12.17,BR,1639882305
cape town,-33.9258,18.4232,62.11,94,0,4.61,ZA,1639882151
grand gaube,-20.0064,57.6608,83.37,69,0,2.01,MU,1639882306
kedrovyy,56.1667,91.8167,16.21,94,100,8.72,RU,1639882306
axim,4.8699,-2.2405,78.57,85,81,5.32,GH,1639882306
arman,59.7,150.1667,-6.03,82,95,9.75,RU,1639882337
kichmengskiy gorodok,59.9816,45.7854,13.06,95,100,4.32,RU,1639882337
longyearbyen,78.2186,15.6401,21.04,79,0,3.44,SJ,1639882337
waterloo,43.4668,-80.5164,27.28,90,90,7,CA,1639882317
shingu,33.7333,135.9833,47.39,50,31,13.2,JP,1639882337
ponta do sol,32.6667,-17.1,66.83,85,89,15.28,PT,1639882338
santa helena de goias,-17.8136,-50.5969,72.27,91,100,0.69,BR,1639882338
thompson,55.7435,-97.8558,-18.24,76,40,2.3,CA,1639882219
arraial do cabo,-22.9661,-42.0278,73.58,76,15,8.81,BR,1639882219
mbuji-mayi,-6.15,23.6,65.03,97,35,1.7,CD,1639882339
hami,42.8,93.45,25.18,49,0,3.38,CN,1639882339
pithiviers,48.1667,2.25,42.17,95,5,8.1,FR,1639882339
nzerekore,7.7562,-8.8179,65.44,37,7,2.59,GN,1639882339
palmer,42.1584,-72.3287,36.73,86,90,0,US,1639882340
manokwari,-0.8667,134.0833,83.59,68,91,4.23,ID,1639882158
tautira,-17.7333,-149.15,80.62,75,99,11.81,PF,1639882340
xinyu,27.8043,114.9334,52.68,28,1,3.53,CN,1639882340
kapit,2.0167,112.9333,83.35,75,100,1.19,MY,1639882341
la ronge,55.1001,-105.2842,-0.15,71,90,10.36,CA,1639882341
east london,-33.0153,27.9116,64.53,76,40,19.17,ZA,1639882331
krasnoselkup,65.7,82.4667,-43.26,100,55,2.44,RU,1639882341
asosa,10.0667,34.5333,61.41,51,37,4.83,ET,1639882341
huarmey,-10.0681,-78.1522,67.75,86,60,8.32,PE,1639882342
kushima,31.4583,131.2333,53.64,63,62,12.3,JP,1639882342
breves,-1.6822,-50.4803,74.37,96,100,3.33,BR,1639882342
carnarvon,-24.8667,113.6333,87.87,29,0,14.97,AU,1639882343
ratangarh,28.0833,74.6,50.38,16,0,0.36,IN,1639882343
khasan,42.4308,130.6434,24.46,42,51,14.85,RU,1639882343
benito juarez,19.385,-99.165,62.01,53,87,5.99,MX,1639882343
pajan,-1.5667,-80.4167,74.28,87,100,2.57,EC,1639882344
tupelo,34.2576,-88.7034,55.47,81,90,15.01,US,1639882344
orlik,52.5178,99.825,10.26,90,67,9.35,RU,1639882344
murray,40.6669,-111.888,28.26,78,1,1.01,US,1639882345
sakakah,29.9697,40.2064,49.57,57,2,5.39,SA,1639882345
jiuquan,39.7432,98.5174,29.25,22,0,1.97,CN,1639882345
college,64.8569,-147.8028,12.15,83,90,3.44,US,1639882345
salalah,17.0151,54.0924,68.4,75,9,5.77,OM,1639882346
karratha,-20.7377,116.8463,102.42,19,3,10.4,AU,1639882346
pueblo nuevo,23.3833,-105.3833,49.6,63,84,4.14,MX,1639882346
pontes e lacerda,-15.2261,-59.3353,70.23,98,100,2.13,BR,1639882275
kieta,-6.2167,155.6333,82.54,73,100,1.19,PG,1639882347
mandalgovi,45.7625,106.2708,16.41,57,7,8.72,MN,1639882347
nelson bay,-32.7167,152.15,96.76,65,100,15.28,AU,1639882347
nuuk,64.1835,-51.7216,19.53,82,79,8.88,GL,1639882347
westport,41.1415,-73.3579,50.76,99,90,10.36,US,1639882348
hasaki,35.7333,140.8333,48.29,54,32,10.33,JP,1639882348
riobamba,-1.6667,-78.6333,52.52,95,100,2.82,EC,1639882348
tsumeb,-19.2333,17.7167,62.15,78,97,5.08,NA,1639882379
okhotsk,59.3833,143.3,-2.18,97,100,11.72,RU,1639882379
nemuro,43.3236,145.575,23.43,45,8,9.73,JP,1639882379
walker,30.7335,-95.5669,52.72,70,100,13.35,US,1639882379
guerrero negro,27.9769,-114.0611,62.92,40,0,16.96,MX,1639882380
hualmay,-11.0964,-77.6139,67.06,86,42,8.61,PE,1639882380
poddorye,57.4695,31.1156,33.31,98,100,9.19,RU,1639882380
agadir,30.4202,-9.5982,70.25,48,50,12.62,MA,1639882380
bulawayo,-20.15,28.5833,53.96,91,100,8.32,ZW,1639882381
isangel,-19.55,169.2667,82.51,94,75,4.61,VU,1639882381
honiara,-9.4333,159.95,79.93,89,99,0.43,SB,1639882344
waingapu,-9.6567,120.2641,87.75,68,82,7.38,ID,1639882381
eidsvag,62.7767,8.0668,39.25,95,100,13.4,NO,1639882382
balabac,7.9868,117.0645,83.68,74,100,5.46,PH,1639882382
grenada,37.1882,-3.6067,50.11,93,0,1.99,ES,1639882382
rapid valley,44.0625,-103.1463,36.45,68,75,4.61,US,1639882383
esperance,-33.8667,121.9,71.44,50,52,10.13,AU,1639882383
dagana,16.5165,-15.5068,73.42,41,100,20.11,MR,1639882383
betong,5.7743,101.0723,71.6,97,100,1.59,TH,1639882384
khoy,38.5504,44.9535,35.44,68,1,5.57,IR,1639882384
san cristobal,7.7669,-72.225,69.98,94,100,1.16,VE,1639882384
nakhon nayok,14.1667,101.1,83.01,48,36,6.2,TH,1639882384
caracollo,-14.9165,-70.6603,45.23,86,100,5.06,PE,1639882385
vagur,61.4732,-6.8119,47.48,84,100,8.72,FO,1639882385
esmeraldas,-19.7625,-44.3139,73.71,95,59,8.12,BR,1639882385
alofi,-19.0595,-169.9187,84.09,74,20,17.27,NU,1639882386
takoradi,4.8845,-1.7554,79.74,82,72,5.48,GH,1639882386
daru,-9.0763,143.2092,84.96,69,68,6.85,PG,1639882386
san jose,37.3394,-121.895,48.87,81,20,3.44,US,1639882319
phayakkhaphum phisai,15.5163,103.1937,68.52,53,86,18.28,TH,1639882387
hay river,60.8156,-115.7999,-11.22,70,90,13.8,CA,1639882387
laje,-10.1833,-40.9667,73.47,76,99,4.81,BR,1639882387
norwalk,33.9022,-118.0817,60.33,61,20,0,US,1639882288
sabang,5.8933,95.3214,79.23,81,100,18.34,ID,1639882388
tiksi,71.6872,128.8694,-23.17,100,100,5.1,RU,1639882388
tshikapa,-6.4167,20.8,67.82,97,74,1.39,CD,1639882388
caravelas,-17.7125,-39.2481,74.34,94,100,5.53,BR,1639882388
xiaoweizhai,26.1903,107.5125,49.28,57,15,3.22,CN,1639882389
srednekolymsk,67.45,153.6833,-45.2,100,91,5.32,RU,1639882389
mbaiki,3.8678,17.9892,76.28,41,100,0.51,CF,1639882389
marzuq,14.4,46.4667,57.54,67,31,1.54,YE,1639882390
broome,42.2506,-75.833,42.46,81,90,1.01,US,1639882390
inhambane,-23.865,35.3833,68.63,72,88,8.55,MZ,1639882390
sibu,2.3,111.8167,82.71,78,40,5.01,MY,1639882390
zanjan,36.6736,48.4787,34.88,61,0,5.57,IR,1639882391
tera,14.0078,0.7531,66.43,18,4,10.63,NE,1639882421
lagoa,39.05,-27.9833,60.04,86,100,27.04,PT,1639882421
siilinjarvi,63.0833,27.6667,30.22,93,90,12.66,FI,1639882422
pacific grove,36.6177,-121.9166,50.81,84,1,1.99,US,1639882316
barhi,23.9,80.8,51.85,36,0,1.95,IN,1639882422
palm coast,29.585,-81.2078,73.49,80,12,1.01,US,1639882265
sao gabriel da cachoeira,-0.1303,-67.0892,74.64,97,100,0.98,BR,1639882422
sekoma,-24.4,23.8833,58.19,83,14,11.32,BW,1639882422
hobyo,5.3505,48.5268,77.81,83,58,17.49,SO,1639882423
upernavik,72.7868,-56.1549,21.88,73,100,3.49,GL,1639882423
san policarpo,12.1791,125.5072,82.08,85,100,9.62,PH,1639882423
kenora,49.8167,-94.4337,4.39,78,20,2.3,CA,1639882424
oktyabrskoye,43.0645,44.7417,30.34,100,100,4.47,RU,1639882424
mahebourg,-20.4081,57.7,83.25,88,20,4.61,MU,1639882424
kamra,33.7473,73.5111,33.94,32,90,10.11,PK,1639882424
gouyave,12.1646,-61.7296,77.77,69,20,13.8,GD,1639882425
hervey bay,-25.2986,152.8535,86.04,59,20,7.09,AU,1639882425
erenhot,43.6475,111.9767,21.4,57,0,15.55,CN,1639882425
reims,49.1667,4.0833,39.94,100,90,4.61,FR,1639882248
morant bay,17.8815,-76.4093,82.02,81,12,9.86,JM,1639882426
nadym,65.5333,72.5167,-35.66,99,41,7.38,RU,1639882426
matata,-37.8833,176.75,78.53,57,2,13.96,NZ,1639882210
voh,-20.9667,164.7,82.09,64,65,7.67,NC,1639882426
itabirito,-20.2533,-43.8014,72.57,97,95,4.7,BR,1639882427
khambhaliya,22.2072,69.6683,60.31,28,2,11.61,IN,1639882427
te karaka,-38.4654,177.8679,83.73,31,2,3,NZ,1639882427
dubovskoye,47.4092,42.7575,31.39,80,93,14.67,RU,1639882427
san quintin,30.4833,-115.95,57.09,62,0,4.81,MX,1639882428
hirara,24.8,125.2833,66.06,59,40,14.97,JP,1639882428
altay,47.8667,88.1167,16.83,63,28,6.87,CN,1639882428
bongandanga,1.5,21.05,70.23,94,94,1.3,CD,1639882429
otradnoye,59.7775,30.8181,35.19,97,100,10.07,RU,1639882429
honningsvag,70.9821,25.9704,32.14,81,86,26.69,NO,1639882429
rantepao,-2.9701,119.8978,83.41,58,39,3.62,ID,1639882429
north bend,43.4065,-124.2243,53.85,91,90,13.8,US,1639882426
champua,22.0833,85.6667,62.06,57,0,4.92,IN,1639882430
yumen,40.2833,97.2,29.26,20,0,18.05,CN,1639882430
talnakh,69.4865,88.3972,-28.93,89,88,0.34,RU,1639882430
atherton,53.5237,-2.4935,40.28,96,55,3,GB,1639882431
waldoboro,44.0954,-69.3756,28.74,92,100,7.99,US,1639882431
lorengau,-2.0226,147.2712,83.28,78,100,12.08,PG,1639882431
portland,45.5234,-122.6762,49.21,93,90,1.99,US,1639881834
veraval,20.9,70.3667,66.72,42,2,13,IN,1639882432
san pedro de ycuamandiyu,-24.0917,-57.0764,81.3,62,12,3.13,PY,1639882432
fuerte olimpo,-21.0415,-57.8738,79.81,77,100,5.1,PY,1639882432
recco,44.3623,9.1435,48.63,73,4,3.47,IT,1639882432
gao,16.6362,1.637,61.97,18,1,13.78,ML,1639882463
comodoro rivadavia,-45.8667,-67.5,62.46,59,0,3.44,AR,1639882463
golden gate,26.1879,-81.6951,74.98,61,1,7.74,US,1639882463
sorong,-0.8833,131.25,84.4,73,28,4.54,ID,1639882464
rio gallegos,-51.6226,-69.2181,64.45,39,20,17.27,AR,1639882464
homa bay,-0.5273,34.4571,68.92,70,52,2.84,KE,1639882464
antalaha,-14.9003,50.2788,75.79,88,35,3.06,MG,1639882465
sayyan,15.1718,44.3244,47.86,44,87,0.25,YE,1639882465
mirpur mathelo,28.0227,69.5489,57.06,15,6,4.83,PK,1639882465
tsybli,49.9948,31.5628,33.93,96,100,20,UA,1639882465
chabahar,25.2919,60.643,69.8,57,100,5.17,IR,1639882466
zhuhai,22.2769,113.5678,63.79,55,20,20.71,CN,1639882466
kitimat,54.0524,-128.6534,16.92,74,63,4.79,CA,1639882466
praia da vitoria,38.7333,-27.0667,59.25,94,75,17.83,PT,1639882466
saskylakh,71.9167,114.0833,-15.86,98,99,5.17,RU,1639882467
prince rupert,54.3161,-130.3201,35.29,95,1,5.75,CA,1639882248
altagracia de orituco,9.8601,-66.3814,70.75,91,62,5.14,VE,1639882467
derzhavinsk,51.1,66.3167,27.34,97,100,8.39,KZ,1639882467
songjianghe,42.1859,127.479,13.93,57,100,10.2,CN,1639882468
seabra,-12.4186,-41.7703,65.64,96,97,1.66,BR,1639882329
mayo,38.8876,-76.5119,60.26,93,100,7.56,US,1639882468
sosnovo-ozerskoye,52.5249,111.5418,7.65,95,99,12.68,RU,1639882468
baicheng,45.6167,122.8167,15.6,76,7,10.78,CN,1639882469
tazovskiy,67.4667,78.7,-41.44,99,71,5.39,RU,1639882469
airai,-8.9266,125.4092,77.32,52,99,1.25,TL,1639882469
nisia floresta,-6.0911,-35.2086,80.98,82,15,6.91,BR,1639882470
barbastro,42.0356,0.1269,45.77,76,0,3.85,ES,1639882470
brownsville,25.9018,-97.4975,71.91,86,75,7,US,1639882464
torbay,47.6666,-52.7314,28.58,76,90,34.52,CA,1639882470
hurghada,27.2574,33.8129,53.64,40,0,9.22,EG,1639882470
mbini,1.574,9.6134,78.64,86,69,5.46,GQ,1639882471
batemans bay,-35.7167,150.1833,80.98,55,100,15.37,AU,1639882471
lokosovo,61.1333,74.8167,-23.39,98,66,5.97,RU,1639882471
fort-shevchenko,44.5086,50.263,38.59,89,46,1.01,KZ,1639882472
margate,51.3813,1.3862,44.31,93,100,1.99,GB,1639882472
melendugno,40.2747,18.3368,47.86,66,40,6.91,IT,1639882472
victoria,22.2855,114.1577,64.04,44,99,5.01,HK,1639882472
oktyabrskiy,54.4815,53.471,23.36,98,100,2.73,RU,1639882473
richards bay,-28.783,32.0377,60.91,80,72,5.21,ZA,1639882473
qasigiannguit,68.8193,-51.1922,38.93,50,67,23.94,GL,1639882473
piacabucu,-10.4056,-36.4344,77.54,83,13,7.9,BR,1639882474
shahrud,36.4182,54.9763,36.18,60,95,0.74,IR,1639882474
acari,-15.4311,-74.6158,70.25,77,91,4.18,PE,1639882474
ponta delgada,37.7333,-25.6667,60.49,94,75,8.05,PT,1639882474
sorata,-15.7667,-68.6333,46.99,91,100,4.05,BO,1639882505
nouadhibou,20.931,-17.0347,64.38,77,100,6.91,MR,1639882505
port lincoln,-34.7333,135.8667,64.63,46,100,21,AU,1639882505
grand forks,47.9417,-97.4337,3.13,78,1,6.91,US,1639882506
taoudenni,22.6783,-3.9836,70.52,18,18,9.42,ML,1639882506
vrede,-27.4257,29.1659,50.11,97,100,3.09,ZA,1639882506
buala,-8.145,159.5921,81.36,84,99,6.73,SB,1639882506
iquitos,-3.7481,-73.2472,77.04,94,0,1.14,PE,1639882507
kenai,60.5544,-151.2583,21.29,92,20,3.44,US,1639882298
geraldton,-28.7667,114.6,81.01,36,0,10.36,AU,1639882507
gigmoto,13.7796,124.39,81.7,85,94,10.54,PH,1639882507
ranong,9.9658,98.6348,80.53,73,98,7.27,TH,1639882508
sao miguel,-5.4667,-35.3667,80.92,76,49,12.5,BR,1639882508
hilton head island,32.2163,-80.7526,68.11,93,1,9.22,US,1639882508
saint george,37.1041,-113.5841,39.67,62,1,1.99,US,1639882508
tebingtinggi,3.3285,99.1625,77.05,92,100,6.96,ID,1639882509
siguiri,11.6667,-9.5,72.32,24,11,1.81,GN,1639882509
huichapan,20.3833,-99.65,62.08,56,93,3.15,MX,1639882510
teguise,29.0605,-13.564,52.02,76,0,5.75,ES,1639882510
kavaratti,10.5669,72.642,81.91,66,7,10.42,IN,1639882510
fairbanks,64.8378,-147.7164,12.09,84,98,1.92,US,1639882442
constitucion,-35.3333,-72.4167,57.65,76,0,9.66,CL,1639882511
nyakahanga,-1.6033,31.1414,57.51,96,96,1.5,TZ,1639882511
maniitsoq,65.4167,-52.9,32.14,67,100,3.24,GL,1639882511
safaga,26.7292,33.9365,53.55,42,0,4.72,EG,1639882455
kalabo,-14.97,22.6814,66.47,81,100,2.71,ZM,1639882511
waipawa,-41.4122,175.5153,66.83,50,6,4.27,NZ,1639882512
yatou,37.15,122.3833,41.65,33,0,14.97,CN,1639882512
popondetta,-8.7537,148.2534,87.21,63,96,5.3,PG,1639882512
sragen,-7.4264,111.0222,84.31,74,100,0.22,ID,1639882513
vostok,46.4856,135.8833,3.42,79,45,3.98,RU,1639882513
kirakira,-10.4544,161.9205,81.36,83,100,6.67,SB,1639882513
muslyumovo,55.3033,53.1947,23.92,98,100,3.44,RU,1639882513
puerto madryn,-42.7692,-65.0385,65.35,74,1,5.66,AR,1639882514
binghamton,42.0987,-75.918,42.15,96,90,6.91,US,1639882514
banda aceh,5.5577,95.3222,75.92,89,100,8.79,ID,1639882514
muncar,-8.4333,114.3333,85.59,70,100,3,ID,1639882514
sur,22.5667,59.5289,67.68,63,100,2.3,OM,1639882515
bethel,41.3712,-73.414,45.5,91,90,6.91,US,1639882515
dillon,34.4166,-79.3712,69.37,89,72,8.32,US,1639882515
leh,34.1667,77.5833,-3.33,46,0,2.48,IN,1639882516
trebisacce,39.8708,16.5312,42.35,71,15,8.32,IT,1639882516
kolchugino,56.3,39.3833,23.09,95,100,11.27,RU,1639882516
gull lake,50.1001,-108.4847,17.96,77,100,11.18,CA,1639882516
conselheiro pena,-19.1722,-41.4722,72.84,96,98,4.09,BR,1639882517
ewa beach,21.3156,-158.0072,79.99,68,75,18.01,US,1639882501
abbeville,50.1,1.8333,42.49,87,97,10.02,FR,1639882547
sioux lookout,50.1001,-91.917,6.87,78,90,2.3,CA,1639882548
mareeba,-17,145.4333,91.44,53,31,5.57,AU,1639882548
illapel,-31.6308,-71.1653,67.28,69,0,2.1,CL,1639882548
abu samrah,35.3029,37.1841,50.18,77,100,7.29,SY,1639882548
talara,-4.5772,-81.2719,68.27,87,99,11.86,PE,1639882549
ulladulla,-35.35,150.4667,87.87,50,100,12.5,AU,1639882549
kathu,7.9178,98.3332,83.7,95,100,5.86,TH,1639882549
san matias,-16.3667,-58.4,72.61,98,100,3.53,BO,1639882550
camacupa,-12.0167,17.4833,61.34,98,100,2.75,AO,1639882550
smolenka,52.1352,113.4974,17.67,67,95,11.18,RU,1639882550
parrita,9.5201,-84.3225,82.17,88,68,2.26,CR,1639882550
vanimo,-2.6741,141.3028,87.03,67,30,9.06,PG,1639882551
lakselv,70.0513,24.9718,28.22,93,75,2.3,NO,1639882551
sinjai,-5.1241,120.253,87.96,60,70,5.26,ID,1639882551
okha,53.5739,142.9478,0.68,87,97,14.85,RU,1639882552
beaverlodge,55.2166,-119.4361,9.75,96,100,6.76,CA,1639882552
doha,25.2867,51.5333,73.29,69,0,8.05,QA,1639882552
naze,28.3667,129.4833,59.92,51,62,17.2,JP,1639882552
mount isa,-20.7333,139.5,98.37,32,90,9.22,AU,1639882553
kokino,52.4964,34.7808,28.9,95,100,20.13,RU,1639882553
inta,66.0317,60.1659,-17.39,88,10,7.11,RU,1639882553
erzin,36.9559,36.2,46.92,87,100,7.31,TR,1639882553
olafsvik,64.8945,-23.7142,45,96,100,20.58,IS,1639882554
havelock,34.8791,-76.9013,67.98,91,1,8.99,US,1639882554
chumikan,54.7183,135.315,-11.81,86,8,18.5,RU,1639882554
yelkhovka,53.8667,50.2832,25.56,97,100,5.86,RU,1639882554
half moon bay,37.4636,-122.4286,48.92,85,1,0,US,1639882541
mongu,-15.2484,23.1274,66.65,89,100,2.24,ZM,1639882555
qandala,11.472,49.8728,73.45,74,9,5.46,SO,1639882555
kupang,-10.1667,123.5833,88.38,74,75,8.05,ID,1639882555
jalu,29.0331,21.5482,54.43,73,76,14.79,LY,1639882556
erzurum,40,41.5,31.68,90,97,2.55,TR,1639882556
anadyr,64.75,177.4833,14.5,92,90,67,RU,1639882556
novocherkassk,47.4181,40.0939,32.02,86,90,11.18,RU,1639882556
chingirlau,51.095,54.0814,32.77,97,100,13.31,KZ,1639882557
gashua,12.871,11.0482,60.48,30,49,12.01,NG,1639882557
beaver dam,43.4578,-88.8373,29.03,73,90,1.99,US,1639882288
laurel,39.0993,-76.8483,58.41,76,90,0,US,1639882279
marsh harbour,26.5412,-77.0636,77.2,80,100,18.12,BS,1639882558
santo antonio do leverger,-15.8656,-56.0767,79.18,95,100,4.32,BR,1639882558
vestmannaeyjar,63.4427,-20.2734,45.66,89,100,21.85,IS,1639882558
sucua,-2.4667,-78.1667,67.75,97,100,3.06,EC,1639882558
vila franca do campo,37.7167,-25.4333,60.19,88,100,15.59,PT,1639882559
huzhou,30.8703,120.0933,49.05,30,4,3.8,CN,1639882359
camapua,-19.5314,-54.0439,73.58,91,100,3.51,BR,1639882559
ixtapa,20.7,-105.2,74.23,83,97,1.74,MX,1639882559
dingle,10.9995,122.6711,85.24,74,96,8.63,PH,1639882560
lompoc,34.6391,-120.4579,53.92,80,1,1.01,US,1639882590
gorontalo,0.5412,123.0595,89.47,60,66,2.84,ID,1639882590
poronaysk,49.2167,143.1167,3.33,82,11,5.82,RU,1639882590
nybro,56.7446,15.9071,40.01,79,36,10.13,SE,1639882591
ostrovnoy,68.0531,39.5131,14.65,83,100,19.17,RU,1639882591
burton,42.9995,-83.6163,32.29,96,90,1.99,US,1639882591
bandarbeyla,9.4942,50.8122,75.42,79,41,14.27,SO,1639882592
makakilo city,21.3469,-158.0858,78.57,68,75,11.5,US,1639882592
berlevag,70.8578,29.0864,29.68,83,100,23.44,NO,1639882592
monrovia,6.3005,-10.7969,78.89,85,6,2.93,LR,1639882593
ahuimanu,21.4447,-157.8378,79.75,76,20,12.66,US,1639882593
clearlake,38.9582,-122.6264,42.19,58,86,1.92,US,1639882593
vila do maio,15.1333,-23.2167,72.39,84,100,9.44,CV,1639882593
souillac,-20.5167,57.5167,82.36,88,20,4.61,MU,1639882594
luquillo,18.3725,-65.7166,74.52,70,10,13.04,PR,1639882594
fort nelson,58.8053,-122.7002,-18.81,69,75,0,CA,1639882594
bam,29.106,58.357,59.38,32,100,5.08,IR,1639882595
snasa,64.2457,12.3778,33.96,88,100,13.8,NO,1639882595
gewane,10.1664,40.6453,70.47,74,45,6.26,ET,1639882595
tchollire,8.4022,14.1698,64.92,37,67,1.57,CM,1639882596
port hardy,50.6996,-127.4199,41,93,75,2.3,CA,1639882596
launceston,-41.45,147.1667,57.61,92,75,5.01,AU,1639882596
pochutla,15.7432,-96.4661,77.83,79,2,3.67,MX,1639882596
matadi,-5.8167,13.45,74.64,95,54,1.57,CD,1639882509
rapla,59.0072,24.7928,37.33,90,65,13.15,EE,1639882597
moreira sales,-24.0622,-53.0069,77.92,65,98,7.74,BR,1639882597
lata,40.1629,-8.3327,51.82,76,3,6.17,PT,1639882597
quatre cocos,-20.2078,57.7625,82.09,71,0,2.01,MU,1639882598
murray bridge,-35.1167,139.2667,72.82,39,70,21.61,AU,1639882598
chapais,49.7834,-74.8492,8.38,96,100,2.48,CA,1639882598
labuan,5.2767,115.2417,82.56,94,20,5.01,MY,1639882598
igarka,67.4667,86.5833,-38.33,99,33,4.7,RU,1639882599
sambava,-14.2667,50.1667,76.01,88,17,3.51,MG,1639882599
avera,33.194,-82.5271,64.71,97,100,5.75,US,1639882599
kropotkin,45.4375,40.5756,34.21,82,98,8.84,RU,1639882600
flin flon,54.7682,-101.865,-1.71,92,100,8.16,CA,1639882570
jalingo,8.8833,11.3667,68.99,37,10,4.9,NG,1639882600
rawson,-43.3002,-65.1023,62.11,83,0,3.24,AR,1639882415
harrismith,-28.2728,29.1295,49.98,98,94,5.75,ZA,1639882600
matabungkay,13.9523,120.6198,84.31,73,91,10.56,PH,1639882601
petropavlovsk-kamchatskiy,53.0452,158.6483,10.99,48,0,11.18,RU,1639882601
bucerias,20.75,-105.3333,74.98,83,93,2.57,MX,1639882601
santa fe,-31.6333,-60.7,80.01,52,1,1.01,AR,1639882568
lingao,19.9103,109.6859,66.4,50,100,18.3,CN,1639882602
benoy,8.9833,16.3199,67.15,36,90,5.12,TD,1639882602
dire,12.2833,-10.9667,73.87,24,11,2.95,ML,1639882602
khovu-aksy,51.1333,93.6,8.24,78,99,4.12,RU,1639882602
ubinskoye,55.3068,79.6802,0.91,99,100,6.33,RU,1639882603
bontang,0.1333,117.5,81.16,83,100,4.32,ID,1639882633
irbeyskoye,55.6428,95.4522,16.81,88,100,13.4,RU,1639882633
rabat,33.9911,-6.8401,61.03,66,75,3.44,MA,1639882634
vanavara,60.34,102.2797,-39.62,98,19,3.44,RU,1639882634
orotukan,62.2667,151.7,-34.01,99,100,2.77,RU,1639882634
saint-paul,-21.0096,55.2707,79.63,81,42,1.01,RE,1639882634
kandrian,-6.2167,149.55,78.64,86,100,7,PG,1639882635
mineros,-17.1167,-63.2333,78.39,94,100,2.1,BO,1639882635
saint-francois,46.4154,3.9054,35.47,96,90,5.75,FR,1639882635
bonavista,48.6499,-53.1147,29.12,84,100,39.84,CA,1639882636
thinadhoo,0.5333,72.9333,80.82,78,99,3.85,MV,1639882503
ulaanbaatar,47.9077,106.8832,1.53,78,9,0,MN,1639882473
sinj,43.7036,16.6394,37.54,77,88,6.4,HR,1639882636
allende,25.2833,-100.0167,67.57,96,75,2.46,MX,1639882560
eston,51.1501,-108.7514,22.89,90,100,4.88,CA,1639882636
port augusta,-32.5,137.7667,83.71,28,36,17.94,AU,1639882637
sorland,67.667,12.6934,41.52,83,97,37.07,NO,1639882637
kahului,20.8947,-156.47,75.97,89,27,11.3,US,1639882637
linjiang,41.8069,126.9078,18.12,65,65,5.37,CN,1639882637
barreirinha,-2.7933,-57.07,75.42,94,100,1.83,BR,1639882638
bairiki,1.3292,172.9752,84.2,84,40,12.66,KI,1639882638
jasper,37.2001,-94.3502,33.28,79,6,4,US,1639882638
kununurra,-15.7667,128.7333,98.58,41,28,9.22,AU,1639882639
hebron,31.5333,35.1,45.95,60,5,9.66,PS,1639882590
shelburne,44.0787,-80.2041,24.76,95,100,4.99,CA,1639882639
kendari,-3.945,122.4989,88.07,62,57,4.76,ID,1639882639
wasilla,61.5814,-149.4394,21.29,89,90,2.1,US,1639882639
ust-nera,64.5667,143.2,-35.64,99,100,0.92,RU,1639882640
khani,41.9563,42.9566,35.17,98,100,3.24,GE,1639882640
arlit,18.7369,7.3853,57.87,24,61,6.33,NE,1639882640
ketchikan,55.3422,-131.6461,23.27,83,20,6.82,US,1639882641
poya,-21.35,165.15,84.56,60,26,10.85,NC,1639882641
hofn,64.2539,-15.2082,39.56,87,100,8.99,IS,1639882641
limbang,4.75,115,82.51,65,72,2.21,MY,1639882403
angoche,-16.2325,39.9086,76.57,87,96,6.76,MZ,1639882641
andenes,69.3143,16.1194,39.18,87,75,19.57,NO,1639882642
krasnozerskoye,53.9828,79.2374,15.44,97,100,6.42,RU,1639882642
aksu,41.1231,80.2644,22.39,57,56,1.57,CN,1639882642
kaiyuan,23.6977,103.3037,54.55,69,52,1.48,CN,1639882643
alappuzha,9.49,76.3264,78.01,72,45,6.82,IN,1639882643
bloemhof,-27.6469,25.607,57.67,84,86,8.12,ZA,1639882643
gilbues,-9.8317,-45.3439,76.87,65,100,2.04,BR,1639882643
cockburn town,21.4612,-71.1419,79.83,65,1,22.84,TC,1639882644
ravar,31.2656,56.8055,55.76,36,85,4.92,IR,1639882644
murgab,37.4966,61.9714,53.47,37,90,6.91,TM,1639882644
ibra,22.6906,58.5334,59.63,72,91,2.37,OM,1639882645
